sample_id	CDS_id	prob_ampir	prob_amplify	prob_macrel	aa_sequence	molecular_weight	helix_fraction	turn_fraction	sheet_fraction	isoelectric_point	hydrophobicity	transporter_protein	contig_id	CDS_start	CDS_end	CDS_dir	CDS_stop_codon_found
CONTROL_REP1	U00096.3_3431	0.689	0.0	0.0	MSFLLPIQLFKILADETRLGIVLLLSELGELCVCDLCTALDQSQPKISRHLALLRESGLLLDRKQGKWVHYRLSPHIPAWAAKIIDEAWRCEQEKVQAIVRNLARQNCSGDSKNICS	13252.411	0.342	0.179	0.316	8.26	2.4	no	U00096.3	3648527	3648881	1	TAA
CONTROL_REP1	U00096.3_1351	0.693	0.0	0.0	MRAAFWVGCAALLLSACSSEPVQQATAAHVAPGLKASMSSSGEANCAMIGGSLSVARQLDGTAIGMCALPNGKRCSEQSLAAGSCGSY	8695.902	0.193	0.318	0.364	7.584	16.31	no	U00096.3	1441057	1441324	1	TGA
CONTROL_REP1	U00096.3_2227	0.679	0.0	0.0	MEWLVKKSCCNKQDNRHVLMLCDAGGAIKMIAEVKSDFAVKVGDLLSPLQNALYCINREKLHTVKVLSASSYSPDEWERQCKVAGKTQ	9870.42	0.284	0.193	0.273	8.641	-3.95	no	U00096.3	2373271	2373538	-1	ACT
CONTROL_REP1	U00096.3_4251	0.0	0.686	0.0	MKEFLFLFHSTVGVIQTRKALQAAGMTFRVSDIPRDLRGGCGLCIWLTCPPGEEIQWVIPGLTESIYCQQDGVWRCIAHYGVSPR	9556.065	0.341	0.212	0.2	7.646	11.54	no	U00096.3	4563667	4563925	-1	ATC
CONTROL_REP1	U00096.3_2956	0.0	0.63	0.0	MKTIFTVGAVVLATCLLSGCVNEQKVNQLASNVQTLNAKIARLEQDMKALRPQIYAAKSEANRANTRLDAQDYFDCLRCLRMYAE	9512.953	0.282	0.141	0.341	8.797	-3.83	no	U00096.3	3158626	3158884	1	TAA
CONTROL_REP1	U00096.3_2137	0.841	0.0	0.0	MECRPGCGACCTAPSISSPIPGMPDGKPANTPCIQLDEQQRCKIFTSPLRPKVCAGLQASAEMCGNSRQQAMTWLIDLEMLTAP	8954.411	0.167	0.286	0.274	6.09	2.63	no	U00096.3	2265040	2265295	-1	ACT
CONTROL_REP1	U00096.3_2407	0.977	0.0	0.0	MVIRHECPSYCIAQKRVALREFSELVLGTLSLLLEQKTNGKCSASLYDCSEEEKLFVKRLKLIKADIHAQLKACDCDISE	9074.552	0.312	0.138	0.338	6.712	-3.11	no	U00096.3	2561370	2561613	1	TAA
CONTROL_REP1	U00096.3_1888	0.665	0.0	0.0	MSTPDFSTAENNQELANEVSCLKAMLTLMLQAMGQADAGRVMLKMEKQLALIEDETQAAVFSKTVKQIKQAYRQ	8238.473	0.23	0.135	0.405	5.25	-1.7	no	U00096.3	1995817	1996042	1	TAA
CONTROL_REP1	U00096.3_573	0.0	0.643	0.0	MAFSNPFDDPQGAFYILRNAQGQFSLWPQQCVLPAGWDIVCQPQSQASCQQWLEAHWRTLTPTNFTQLQEAQ	8271.148	0.278	0.222	0.222	4.427	4.79	no	U00096.3	613941	614160	1	TGA
CONTROL_REP1	U00096.3_2476	0.994	0.0	0.0	MELHCPQCQHVLDQDNGHARCRSCGEFIEMKALCPDCHQPLQVLKACGAVDYFCQHGHGLISKKRVEFVLA	7994.23	0.254	0.155	0.254	6.559	0.08	no	U00096.3	2635598	2635814	-1	ATC
CONTROL_REP1	U00096.3_539	0.693	0.0	0.0	MKSMDKLTTGVAYGTSAGSAGYWFLQLLDKVTPSQWAAIGVLGSLVFGLLTYLTNLYFKIKEDKRKAARGE	7777.966	0.352	0.211	0.296	9.573	10.07	no	U00096.3	577397	577613	1	TAG
CONTROL_REP1	U00096.3_513	0.64	0.0	0.0	MATFSLGKHPHVELCDLLKLEGWSESGAQAKIAIAEGQVKVDGAVETRKRCKIVAGQTVSFAGHSVQVVA	7389.453	0.286	0.186	0.286	7.838	7.42	no	U00096.3	556660	556873	-1	ATT
CONTROL_REP1	U00096.3_987	0.87	0.0	0.0	MMLQLCATMLNVTCVASLKMNEMLIKEIDMTGIKKITQTFSLRQLTFLKGATAKNVRECNLMKNSVAEH	7779.349	0.275	0.145	0.362	9.257	4.01	no	U00096.3	1078936	1079146	1	TAA
CONTROL_REP1	U00096.3_2204	0.743	0.0	0.0	MNFIRQGLGIALQPELTLKSIAGELCSVPLEPTFYRQISLLAKEKPVEGSPLFLLQMCMEQLVAIGKI	7516.968	0.368	0.221	0.368	6.136	14.7	no	U00096.3	2349686	2349893	1	TAG
CONTROL_REP1	U00096.3_1529	0.677	0.0	0.0	MDKLTTGVAYGTSAGNAGFWALQLLDKVTPSQWAAIGVLGSLVFGLLTYLTNLYFKIKEDRRKAARGE	7394.464	0.353	0.206	0.309	9.521	9.84	no	U00096.3	1640369	1640576	-1	ATT
CONTROL_REP1	U00096.3_3279	0.792	0.0	0.0	MAIRKRFIAGAKCPACQAQDSMAMWRENNIDIVECVKCGHQMREADKEARDHVRKDEQVIGIFHPD	7598.693	0.197	0.121	0.258	6.812	-11.97	no	U00096.3	3478591	3478792	-1	ACT
CONTROL_REP1	U00096.3_3266	0.725	0.0	0.0	MYVCLCNGISDKKIRQAVRQFSPHSFQQLKKFIPVGNQCGKCVRAAREVMEDELMQLPEFKESA	7362.563	0.266	0.188	0.25	8.816	-6.24	no	U00096.3	3466796	3466991	-1	ACT
CONTROL_REP1	U00096.3_3810	0.826	0.0	0.0	MGKNDVNQIADNVRVVHAGCGVNALSGLQSRINSMYCSLLVGLISAAHQAILRLSSVSCP	6253.201	0.317	0.317	0.25	8.658	9.57	no	U00096.3	4079968	4080151	1	TAA
CONTROL_REP1	U00096.3_1672	0.975	0.0	0.0	MEGKNGLKIVCDSGAGFSTEQAVFLANNLAKKMRSLKQKCNLRQYSYSMTVQSCIQCK	6451.503	0.241	0.241	0.241	9.462	-4.81	no	U00096.3	1779403	1779580	-1	ATC
CONTROL_REP1	U00096.3_1326	0.905	0.0	0.0	MTKKIKCAYHLCKKDVEESKAIERMLHFMHGILSKDEPRKYCSEACAEKDQMAHEL	6583.686	0.196	0.089	0.357	7.7	-10.89	no	U00096.3	1417837	1418008	-1	ATT
CONTROL_REP1	U00096.3_2980	0.62	0.0	0.0	MFIAWYWIVLIALVVVGYFLHLKRYCRAFRQDRDALLEARNKYLNSTREETAEKVE	6809.873	0.429	0.071	0.339	8.929	0.05	no	U00096.3	3183380	3183551	-1	ACT
CONTROL_REP1	U00096.3_3489	0.843	0.0	0.0	MPQKYRLLSLIVICFTLLFFTWMIRDSLCELHIKQESYELAAFLACKLKE	5998.215	0.44	0.08	0.38	7.72	9.76	no	U00096.3	3720447	3720600	-1	ATT
CONTROL_REP1	U00096.3_2799	0.857	0.0	0.0	MDLHQMLLIHDILHCKEMSKMKDVDQIFDALDCHILREYLILLFYD	5620.63	0.413	0.022	0.348	5.005	5.89	no	U00096.3	2989818	2989959	-1	ATC
CONTROL_REP1	U00096.3_2728	0.827	0.0	0.0	MSEENKENGFNHVKTFTKIIFIFSVLVFNDNEYKITDAAVNLFIQI	5383.09	0.413	0.196	0.196	5.005	7.28	no	U00096.3	2905556	2905697	1	TAA
CONTROL_REP1	U00096.3_2683	0.655	0.0	0.0	MIPELIISGEEANGEFLMLVPGKMLFCSFCVMLMKQVRKIVSVG	4890.012	0.386	0.227	0.341	6.045	14.19	no	U00096.3	2856882	2857017	-1	ATT
